alias dilawars Dilawar Singh <dilawars@iitb.ac.in>
alias sivatheja Siva Theja <sivatheja@ee.iitb.ac.in>
alias bgf B G Fernandes <bgf@ee.iitb.ac.in>
alias msivat Siva Theja <msivat@gmail.com>
alias dilawar Dilawar Singh <dilawar@ee.iitb.ac.in>
alias naveen Kadayinti Naveen <naveen@ee.iitb.ac.in>
alias udayan.ganguly Udayan Ganguly <udayan.ganguly@gmail.com>
alias eeoffice eeoffice <eeoffice@ee.iitb.ac.in>
alias Naveen_K Naveen Kumar <knaveen@iitb.ac.in>
alias Bhatt_P Bhatt Piyush Navinchandra <10407009@iitb.ac.in>
alias dhirendra_agrawal DHIRENDRA AGRAWAL <dhirendra_agrawal@iitb.ac.in>
alias amit_paunikar AMIT PAUNIKAR <amit_paunikar@iitb.ac.in>
alias prateek_k PRATEEK KARKARE <prateek_k@iitb.ac.in>
alias prashantbhut BHUT PRASHANTKUMAR VALLABHBHAI <prashantbhut@iitb.ac.in>
alias manishp MANISH PATIDAR <manishp@iitb.ac.in>
alias shafeeq SHAFEEQ E <10323010@iitb.ac.in>
alias rupendra RUPENDRA SINGH <10323016@iitb.ac.in>
alias sivakumarg SIVA KUMAR GORIPARTHI <sivakumarg@iitb.ac.in>
alias pavanv SATYA PAVAN PRASAD VEMURI <pavanv@iitb.ac.in>
alias 10307009 SUJIT KUMAR <10307009@iitb.ac.in>
alias kunal_naidu NAIDU KUNAL JAIPRAKASH <kunal_naidu89@iitb.ac.in>
alias mic_ta dilawars, naveen, Bhatt_P, dhirendra_agrawal, kunal_naidu, amit_paunikar, prateek_k, prashantbhut, manishp, shafeeq, rupendra, sivakumarg, pavanv, 10307009
alias sujit SUJIT KUMAR <10307009@iitb.ac.in>
alias pragatipatel pragati patel <pragati30@gmail.com>
alias siva_gmail Siva Theja <msivat@gmail.com>
alias patkar \"Prof. Sachin Patkar\" <patkar@ee.iitb.ac.in>
alias prasannak prasannak@cse.iitb.ac.in
alias akshata.athawale2112qqq akshata athawale <akshata.athawale2112@gmail.com>
alias eesdaia \"Prof. S.D. Agashe\" <eesdaia@ee.iitb.ac.in>
alias ayan_m ayan_m@ee.iitb.ac.in
alias nitika nitika@ee.iitb.ac.in
alias nanditha.ec Nanditha Rao <nanditha.ec@gmail.com>
alias naveenk Naveen Kumar Kancharapu  <09307040@iitb.ac.in>
alias sreeraj Sreeraj <sreeraj@ee.iitb.ac.in>
alias rsrkrishna Siva Rama Krishna R <rsrkrishna@ee.iitb.ac.in>
